lane,event,start_sec,end_sec,duration_sec,contract
lead_in,暗転直後の最小リード,0.000,0.120,0.120,旧待機を加算しない
character,構えから振り下ろし,0.120,4.340,4.220,17姿勢・固定scale・固定足元
sword_aura,剣に追従するオーラ,0.120,3.400,3.280,地面円・身体柱なし
visible_charge,遮蔽物なしの連続チャージ,0.120,2.660,2.540,カットイン表示・待機・呼び出しなし
swing,新規5枚の前方振り下ろし,2.660,3.280,0.620,12時→9時準備→右上→右前縦→右下
followthrough,継承した低いフォロースルー,3.280,3.400,0.120,v26の合格コマを保持
slash,水平斬撃,3.400,3.980,0.580,v26から変更なし
impact,着弾12枚,3.980,4.380,0.400,v26から変更なし
outer,大爆発11枚,4.120,5.620,1.500,v26から変更なし
